cluster,antecedents_desc,consequents_desc,support,confidence,lift
1,LUNCHBAG PINK RETROSPOT,LUNCH BAG RED SPOTTY,0.030842535655645344,0.566528681253696,7.40612262980684
1,JUMBO BAG PINK WITH WHITE SPOTS,JUMBO BAG RED WHITE SPOTTY,0.03219471362802228,0.6108735491753208,6.386517438887458
1,RED HANGING HEART T-LIGHT HOLDER,WHITE HANGING HEART T-LIGHT HOLDER,0.031969350632626126,0.7092857142857144,5.263049109275818
